y2_statefips,y1_statefips,y1_state,y1_state_name,n1,n2,AGI
01,96,AL,AL Total Migration-US and Foreign,33716,67747,1515297
01,97,AL,AL Total Migration-US,32868,x65647,1467218
01,98,AL,"AL Total Migration,Foreign",848,2100,48079
01,97,AL,AL Total Migration-Same State,46630,95832,1.871804e+6
01,01,AL,AL Non-migrants,1598458,3579600,96406319
01,13,GA,Georgia,5972,12269,249108
01,12,FL,Florida,4489,8446,1.85502e+5
01,48,TX,Texas,3435,7041,135165
01,47,TN,Tennessee,2608,5304,124203
01,28,MS,Mississippi,2212,4562,90723
01,06,CA,California,1169,2274,55689
01,37,NC,North Carolina,1056,2158,49972
01,22,LA,Louisiana,883,1671,40723
01,57,FR,Foreign,848,$2100,48079
1,51,VA,Virginia,819,1624,$48796
01,36,ny,New York,772,1518,(34582)
01,17,il,Illinois,717,1443,-34167
01,39,oh,Ohio,713,1430,29911
01,45,sc,South Carolina,637,1220,31594
01,26,mi,Michigan,594,1125,22176
01,21,KY,Kentucky,574,1213,27082ê
01,08,CO,Colorado,473,932,24958‼
01,29,MO,Missouri,459,901,20884§
01,18,IN,Indiana,457,895,21821►
01,42,PA,Pennsylvania,440,850,23033
01,53,WA,Washington,351,742,17875
01,24,MD,Maryland,340,647,18685
01,05,AR,Arkansas,338,703,15223
01,40,OK,Oklahoma,300,615,15592
01,04,AZ,Arizona,285,575,16478
01,34,NJ,New Jersey,261,489,12404
01,20,KS,Kansas,242,549,12081
01,55,WI,Wisconsin,198,385,9052.00
01,15,HI,Hawaii,197,440,8578.00
01,25,MA,Masachusetts,171,315,8548
01,32,NV,Nevada,166,299,7457
01,35,NM,New Hexico,143,310,7926
01,27,MN,Minnesota,133,252,7129
01,09,CT,Connecticut,130,248,7706
01,54,WV,West Virginia,119,235,5459
01,19,IA,Iowa,118,205,4816
01,02,AK,Alaska,107,223,4869
01,49,UT,Utah,99,201,4551
01,41,OR,Oregon,97,179,5421
01,31,NE,Nebraska,75,149,3165
01,16,ID,Idaho,69,142,2370
01,30,MT,Montana,56,116,2494
01,38,ND,North Dakota,54,113,2763
01,11,DC,District Of Columbia,54,92,5309
01,56,WY,Wyoming,53,100,1885
01,23,ME,Maine,52,86,2041
01,46,SD,South Dakota,48,129,2095
01,33,NH,New Hampshire,42,68,1548
01,10,DE,Delaware,38,61,1461
01,44,RI,Rhode Island,31,70,1432
01,50,VT,Vermont,22,33,716
02,96,AK,AK Total Migration-US and Foreign,12294,22884,601986
02,97,AK,AK Total Migration-US,11710,21452,561138
02,98,AK,AK Total Migration-Foreign,584,1432,40848
02,97,AK,AK Total Migration-Same State,5788,10559,313287
02,02,AK,AK Non-migrants,265963,558608,21208409
02,06,CA,California,1271,2249,56604
02,53,WA,Washington,1174,2020,55978
02,48,TX,Texas,941,1911,67188
02,12,FL,Florida,607,1044,24232
02,57,FR,Foreign,584,1432,40848
02,41,OR,Oregon,567,945,24363
02,04,AZ,Arizona,486,871,28598
02,08,CO,Colorado,411,689,22373
02,13,GA,Georgia,361,802,13769
02,37,NC,North Carolina,349,767,14123
02,36,NY,New York,328,555,12288
02,15,HI,Hawaii,317,668,12918
02,51,VA,Virginia,288,557,15073
02,32,NV,Nevada,263,489,12816
02,16,ID,Idaho,247,465,11707
02,26,MI,Michigan,241,397,10095
02,42,PA,Pennsylvania,212,367,10467
02,30,MT,Montana,212,348,13003
02,17,IL,Illinois,203,329,8290
02,39,OH,Ohio,203,352,8209
02,40,OK,Oklahoma,193,378,8607
02,29,MO,Missouri,189,372,8297
02,27,MN,Minnesota,188,297,7874
02,49,UT,Utah,180,401,9906
02,47,TN,Tennessee,178,370,7373
02,55,WI,Wisconsin,159,259,6008
02,22,LA,Louisiana,143,309,6967
02,45,SC,South Carolina,139,252,5428
02,18,IN,Indiana,129,209,5252
02,01,AL,Alabama,128,278,6138
02,35,NM,New Mexico,128,254,7385
02,24,MD,Maryland,114,196,5833
02,25,MA,Massachusetts,106,155,4907
02,21,KY,Kentucky,105,246,4200
02,20,KS,Kansas,97,197,4115
02,56,WY,Wyoming,86,146,6700
02,34,NJ,New Jersey,86,131,3791
02,05,AR,Arkansas,79,163,3807
02,19,IA,Iowa,76,153,3234
02,28,MS,Mississippi,76,149,3216
02,31,NE,Nebraska,69,133,3047
02,38,ND,North Dakota,57,94,3227
02,46,SD,South Dakota,52,93,2291
02,09,CT,Connecticut,51,76,2043
02,23,ME,Maine,49,71,2429
02,33,NH,New Hampshire,43,66,1899
02,10,DE,Delaware,33,57,1195
02,50,VT,Vermont,32,40,1300
02,54,WV,West Virginia,28,36,1116
02,11,DC,District Of Columbia,22,25,980
02,44,RI,Rhode Island,14,21,479
04,96,AZ,AZ Total Migration-US and Foreign,73817,137346,4593065
04,97,AZ,AZ Total Migration-US,71861,133049,4481270
04,98,AZ,AZ Total Migration-Foreign,1956,4297,111795
04,97,AZ,AZ Total Migration-Same State,29884,59753,1246123
04,04,AZ,AZ Non-migrants,2229625,4942639,142623684
04,06,CA,California,15330,29184,1013447
04,48,TX,Texas,5578,11103,263324
04,17,IL,Illinois,3590,6253,315036
04,53,WA,Washington,3338,5949,208028
04,08,CO,Colorado,3292,5903,213866
04,35,NM,New Mexico,3096,6669,122753
04,12,FL,Florida,2458,4255,145598
04,32,NV,Nevada,2405,4544,121927
04,36,NY,New York,2168,3601,132820
04,57,FR,Foreign,1956,4297,111795
04,26,MI,Michigan,1945,3395,92368
04,49,UT,Utah,1841,4052,136768
04,41,OR,Oregon,1792,3082,112639
04,27,MN,Minnesota,1738,3055,152717
04,39,OH,Ohio,1618,2787,100190
04,55,WI,Wisconsin,1427,2434,87780
04,42,PA,Pennsylvania,1303,2219,88518
04,29,MO,Missouri,1143,2055,58683
04,18,IN,Indiana,1128,2053,56663
04,37,NC,North Carolina,1085,2098,60867
04,51,VA,Virginia,1060,1964,104397
04,13,GA,Georgia,1026,1975,56919
04,34,NJ,New Jersey,863,1500,81949
04,47,TN,Tennessee,796,1468,36737
04,16,ID,Idaho,787,1609,41052
04,19,IA,Iowa,777,1379,50915
04,40,OK,Oklahoma,704,1291,29822
04,25,MA,Massachusetts,698,1095,60218
04,15,HI,Hawaii,672,1309,36999
04,20,KS,Kansas,668,1276,49276
04,02,AK,Alaska,612,1140,35898
04,24,MD,Maryland,597,1041,41095
04,31,NE,Nebraska,588,1064,48635
04,30,MT,Montana,566,980,29657
04,46,SD,South Dakota,512,918,21883
04,38,ND,North Dakota,466,851,30818
04,56,WY,Wyoming,465,812,24813
04,09,CT,Connecticut,458,794,37599
04,45,SC,South Carolina,447,799,21284
04,21,KY,Kentucky,406,796,35431
04,05,AR,Arkansas,403,749,16036
04,22,LA,Louisiana,372,704,17848
04,01,AL,Alabama,341,643,16174
04,28,MS,Mississippi,276,536,9947
04,33,NH,New Hampshire,221,354,13786
04,23,ME,Maine,214,364,12827
04,54,WV,West Virginia,130,194,5801
04,50,VT,Vermont,124,200,6977
04,11,DC,District Of Columbia,117,156,10372
04,44,RI,Rhode Island,111,207,8660
04,10,DE,Delaware,109,190,3452
05,96,AR,AR Total Migration-US and Foreign,22230,44480,984892
05,97,AR,AR Total Migration-US,21897,43692,966386
05,98,AR,AR Total Migration-Foreign,333,788,18505
05,97,AR,AR Total Migration-Same State,32457,65470,1161833
05,05,AR,AR Non-migrants,954334,2145497,58280625
05,48,TX,Texas,4517,9001,192553
05,40,OK,Oklahoma,2101,4414,76994
05,29,MO,Missouri,2080,4151,74437
05,47,TN,Tennessee,1358,2690,60703
05,06,CA,California,1270,2480,50134
05,22,LA,Louisiana,1003,2036,45362
05,12,FL,Florida,965,1745,53278
05,17,IL,Illinois,756,1442,38929
05,28,MS,Mississippi,732,1518,27993
05,13,GA,Georgia,551,1152,24480
05,20,KS,Kansas,473,878,20396
05,08,CO,Colorado,368,731,16608
05,37,NC,North Carolina,365,748,15841
05,26,MI,Michigan,337,660,14807
05,57,FR,Foreign,333,788,18505
05,04,AZ,Arizona,326,661,13834
05,51,VA,Virginia,313,625,17127
05,36,NY,New York,299,564,15070
05,01,AL,Alabama,298,625,13851
05,39,OH,Ohio,295,562,19631
05,18,IN,Indiana,271,578,11031
05,55,WI,Wisconsin,238,476,10267
05,53,WA,Washington,226,438,9043
05,19,IA,Iowa,211,415,7347
05,21,KY,Kentucky,210,429,8139
05,42,PA,Pennsylvania,205,395,11838
05,27,MN,Minnesota,203,439,13594
05,45,SC,South Carolina,188,386,10265
05,32,NV,Nevada,169,353,6111
05,34,NJ,New Jersey,147,291,11201
05,41,OR,Oregon,141,255,4845
05,31,NE,Nebraska,126,269,6040
05,35,NM,New Mexico,124,244,6265
05,24,MD,Maryland,115,211,6234
05,25,MA,Massachusetts,114,186,6277
05,49,UT,Utah,104,258,6815
05,15,HI,Hawaii,97,209,3125
05,02,AK,Alaska,95,184,3952
05,38,ND,North Dakota,72,127,3984
05,56,WY,Wyoming,70,143,3197
05,46,SD,South Dakota,60,116,6700
05,09,CT,Connecticut,54,104,5793
05,54,WV,West Virginia,53,118,2542
05,16,ID,Idaho,49,101,1888
05,30,MT,Montana,42,84,1395
05,23,ME,Maine,27,58,1707
05,11,DC,District Of Columbia,27,33,2150
05,10,DE,Delaware,27,63,1146
05,33,NH,New Hampshire,25,46,1467
05,44,RI,Rhode Island,-1,-1,-1
05,50,VT,Vermont,-1,-1,-1
06,96,CA,CA Total Migration-US and Foreign,200999,344232,13587730
06,97,CA,CA Total Migration-US,190669,322677,12547137
06,98,CA,CA Total Migration-Foreign,10330,21555,1040593
06,97,CA,CA Total Migration-Same State,364319,676488,24921124
06,06,CA,CA Non-migrants,13658090,30666470,1154367010
06,48,TX,Texas,20523,38725,1246622
06,36,NY,New York,14595,20913,1498625
06,04,AZ,Arizona,12564,22988,651807
06,53,WA,Washington,11126,19789,778613
06,12,FL,Florida,10607,17150,694337
06,32,NV,Nevada,10534,19061,499590
06,57,FR,Foreign,10330,21555,1040593
06,17,IL,Illinois,8714,14073,730352
06,41,OR,Oregon,6605,10976,338634
06,08,CO,Colorado,6317,10684,446800
06,51,VA,Virginia,5918,10225,390970
06,25,MA,Massachusetts,5592,8004,504321
06,13,GA,Georgia,4964,8877,296325
06,34,NJ,New Jersey,4934,8042,470097
06,42,PA,Pennsylvania,4789,7113,340369
06,37,NC,North Carolina,4548,8273,280100
06,15,HI,Hawaii,4088,7065,197380
06,26,MI,Michigan,3829,6023,223688
06,39,OH,Ohio,3790,6035,221051
06,24,MD,Maryland,3391,5401,223603
06,49,UT,Utah,3390,6744,159131
06,27,MN,Minnesota,2878,4579,196146
06,29,MO,Missouri,2735,4459,141287
06,47,TN,Tennessee,2570,4524,139139
06,18,IN,Indiana,2277,3837,110693
06,55,WI,Wisconsin,2243,3572,152429
06,09,CT,Connecticut,2178,3296,276642
06,35,NM,New Mexico,2105,3637,98846
06,16,ID,Idaho,1839,3381,70180
06,40,OK,Oklahoma,1820,3248,74418
06,22,LA,Louisiana,1701,2899,133012
06,20,KS,Kansas,1563,2796,79642
06,45,SC,South Carolina,1535,2675,70252
06,11,DC,District Of Columbia,1469,1880,150872
06,01,AL,Alabama,1232,2198,59586
06,02,AK,Alaska,1175,2104,50188
06,21,KY,Kentucky,1158,1969,59642
06,05,AR,Arkansas,1115,2039,44453
06,19,IA,Iowa,1105,1827,49990
06,31,NE,Nebraska,917,1627,50260
06,30,MT,Montana,876,1459,57800
06,28,MS,Mississippi,837,1553,37603
06,33,NH,New Hampshire,736,1051,44160
06,44,RI,Rhode Island,630,950,38278
06,23,ME,Maine,553,794,33019
06,56,WY,Wyoming,544,940,31005
06,38,ND,North Dakota,522,857,24538
06,46,SD,South Dakota,442,738,17646
06,10,DE,Delaware,412,680,27435
06,50,VT,Vermont,385,508,18791
06,54,WV,West Virginia,299,439,16768
08,96,CO,CO Total Migration-US and Foreign,76123,131276,4507290
08,97,CO,CO Total Migration-US,74124,126595,4351575
08,98,CO,CO Total Migration-Foreign,1999,4681,155715
08,97,CO,CO Total Migration-Same State,89984,162557,4928376
08,08,CO,CO Non-migrants,1932425,4134014,157232055
08,06,CA,California,8337,14858,646116
08,48,TX,Texas,7677,14537,485158
08,12,FL,Florida,4458,7190,213301
08,04,AZ,Arizona,3464,6291,180849
08,17,IL,Illinois,3104,4693,228281
08,36,NY,New York,2619,3877,225312
08,35,NM,New Mexico,2289,4313,110271
08,57,FR,Foreign,1999,4681,155715
08,53,WA,Washington,1895,3405,103857
08,20,KS,Kansas,1846,3306,89355
08,51,VA,Virginia,1821,3079,121617
08,13,GA,Georgia,1781,3275,88099
08,42,PA,Pennsylvania,1703,2598,94264
08,29,MO,Missouri,1646,2782,73516
08,56,WY,Wyoming,1641,2881,91838
08,37,NC,North Carolina,1626,2808,83567
08,39,OH,Ohio,1588,2491,83649
08,26,MI,Michigan,1543,2195,69074
08,27,MN,Minnesota,1482,2222,80966
08,31,NE,Nebraska,1481,2488,73318
08,40,OK,Oklahoma,1453,2746,84985
08,49,UT,Utah,1436,2987,71808
08,32,NV,Nevada,1311,2388,66711
08,55,WI,Wisconsin,1264,1882,76415
08,47,TN,Tennessee,1147,1914,53138
08,19,IA,Iowa,1092,1695,53999
08,41,OR,Oregon,1025,1682,64105
08,25,MA,Massachusetts,998,1350,74765
08,18,IN,Indiana,995,1620,50238
08,34,NJ,New Jersey,976,1541,81271
08,24,MD,Maryland,930,1529,38021
08,22,LA,Louisiana,754,1321,36221
08,15,HI,Hawaii,719,1349,46648
08,30,MT,Montana,686,1042,32014
08,45,SC,South Carolina,659,1086,21894
08,01,AL,Alabama,628,1130,28097
08,46,SD,South Dakota,624,972,24656
08,16,ID,Idaho,620,1141,29788
08,38,ND,North Dakota,611,1115,40518
08,21,KY,Kentucky,604,1156,23898
08,05,AR,Arkansas,579,1069,29473
08,02,AK,Alaska,549,986,32613
08,09,CT,Connecticut,546,763,43142
08,28,MS,Mississippi,346,629,15647
08,33,NH,New Hampshire,327,461,17181
08,11,DC,District Of Columbia,282,377,29990
08,50,VT,Vermont,260,331,10985
08,23,ME,Maine,234,332,9440
08,54,WV,West Virginia,215,333,9674
08,10,DE,Delaware,127,207,6544
08,44,RI,Rhode Island,126,172,5287
09,96,CT,CT Total Migration-US and Foreign,27588,47645,2418486
09,97,CT,CT Total Migration-US,26934,46169,2277368
09,98,CT,CT Total Migration-Foreign,654,1476,141118
09,97,CT,CT Total Migration-Same State,21110,33767,1178906
09,09,CT,CT Non-migrants,1383786,2839854,148163858
09,36,NY,New York,8339,15055,1016401
09,25,MA,Massachusetts,3015,4583,196950
09,12,FL,Florida,2447,4185,144141
09,34,NJ,New Jersey,1518,2611,146750
09,06,CA,California,1248,2069,107745
09,48,TX,Texas,1007,1917,76313
09,42,PA,Pennsylvania,921,1500,63047
09,44,RI,Rhode Island,904,1446,47833
09,37,NC,North Carolina,700,1249,38491
09,51,VA,Virginia,692,1230,45403
09,57,FR,Foreign,654,1476,141118
09,13,GA,Georgia,560,1018,31354
09,24,MD,Maryland,452,735,34474
09,17,IL,Illinois,400,682,37189
09,45,SC,South Carolina,383,626,16920
09,33,NH,New Hampshire,365,537,21349
09,39,OH,Ohio,324,554,22476
09,23,ME,Maine,313,492,13191
09,08,CO,Colorado,258,439,16323
09,50,VT,Vermont,246,363,11870
09,04,AZ,Arizona,236,400,15645
09,26,MI,Michigan,231,386,14219
09,53,WA,Washington,225,408,14070
09,47,TN,Tennessee,166,277,10478
09,11,DC,District Of Columbia,163,200,15743
09,27,MN,Minnesota,137,251,12237
09,18,IN,Indiana,130,240,13564
09,29,MO,Missouri,128,239,9335
09,55,WI,Wisconsin,124,225,9694
09,15,HI,Hawaii,123,216,5378
09,01,AL,Alabama,105,206,5588
09,21,KY,Kentucky,100,138,4479
09,49,UT,Utah,97,192,9624
09,41,OR,Oregon,94,161,5939
09,22,LA,Louisiana,94,150,4364
09,32,NV,Nevada,92,154,5143
09,10,DE,Delaware,84,151,6970
09,20,KS,Kansas,70,131,5318
09,40,OK,Oklahoma,61,105,2892
09,35,NM,New Mexico,58,105,2192
09,19,IA,Iowa,52,91,3293
09,05,AR,Arkansas,49,89,2008
09,54,WV,West Virginia,43,76,1984
09,28,MS,Mississippi,39,64,1742
09,31,NE,Nebraska,34,60,1438
09,16,ID,Idaho,33,66,3347
09,02,AK,Alaska,31,46,1285
09,38,ND,North Dakota,23,24,1007
09,56,WY,Wyoming,20,27,175
09,30,MT,Montana,-1,-1,-1
09,46,SD,South Dakota,-1,-1,-1
10,96,DE,DE Total Migration-US and Foreign,12050,22041,806699
10,97,DE,DE Total Migration-US,11824,21523,787469
10,98,DE,DE Total Migration-Foreign,226,518,19229
10,97,DE,DE Total Migration-Same State,2885,5254,119856
10,10,DE,DE Non-migrants,347432,721941,24478142
10,42,PA,Pennsylvania,3051,5547,188303
10,24,MD,Maryland,2452,4447,144801
10,34,NJ,New Jersey,1288,2296,141678
10,36,NY,New York,875,1596,63796
10,12,FL,Florida,583,987,24101
10,51,VA,Virginia,501,906,32869
10,48,TX,Texas,369,703,19681
10,06,CA,California,311,549,32683
10,37,NC,North Carolina,296,534,12668
10,13,GA,Georgia,246,466,12702
10,57,FR,Foreign,226,518,19229
10,39,OH,Ohio,138,268,8241
10,09,CT,Connecticut,130,243,8769
10,25,MA,Massachusetts,123,214,6947
10,17,IL,Illinois,119,231,9239
10,45,SC,South Carolina,117,203,7879
10,47,TN,Tennessee,97,222,4093
10,26,MI,Michigan,78,157,5022
10,04,AZ,Arizona,75,148,4503
10,11,DC,District Of Columbia,69,87,9508
10,08,CO,Colorado,67,135,4326
10,18,IN,Indiana,60,106,3612
10,54,WV,West Virginia,55,100,2400
10,21,KY,Kentucky,51,127,2366
10,53,WA,Washington,45,78,1883
10,27,MN,Minnesota,43,75,4343
10,01,AL,Alabama,42,82,3067
10,22,LA,Louisiana,39,61,1995
10,29,MO,Missouri,39,75,2130
10,20,KS,Kansas,36,64,1704
10,33,NH,New Hampshire,35,65,2733
10,35,NM,New Mexico,30,47,1095
10,55,WI,Wisconsin,29,50,1531
10,44,RI,Rhode Island,29,48,1319
10,40,OK,Oklahoma,29,56,1062
10,32,NV,Nevada,29,55,1203
10,28,MS,Mississippi,28,59,1334
10,23,ME,Maine,28,51,1368
10,19,IA,Iowa,25,57,1885
10,05,AR,Arkansas,25,50,999
10,41,OR,Oregon,24,52,1058
10,15,HI,Hawaii,24,44,944
10,49,UT,Utah,23,68,2224
10,50,VT,Vermont,21,30,1417
10,38,ND,North Dakota,18,28,565
10,02,AK,Alaska,18,33,693
10,31,NE,Nebraska,14,23,730
10,56,WY,Wyoming,-1,-1,-1
10,46,SD,South Dakota,-1,-1,-1
10,16,ID,Idaho,-1,-1,-1
10,30,MT,Montana,-1,-1,-1
11,96,DC,DC Total Migration-US and Foreign,22712,31280,1584958
11,97,DC,DC Total Migration-US,22187,30323,1531914
11,98,DC,DC Total Migration-Foreign,525,957,53044
11,11,DC,DC Non-migrants,255331,426998,25292722
11,24,MD,Maryland,7186,11554,474939
11,51,VA,Virginia,4312,5536,322857
11,36,NY,New York,1441,1746,129259
11,06,CA,California,1184,1409,79258
11,12,FL,Florida,745,972,63924
11,42,PA,Pennsylvania,704,815,38572
11,48,TX,Texas,695,984,36572
11,25,MA,Massachusetts,576,673,40731
11,37,NC,North Carolina,549,724,32917
11,57,FR,Foreign,525,957,53044
11,34,NJ,New Jersey,520,618,31753
11,17,IL,Illinois,440,527,33774
11,13,GA,Georgia,427,596,30759
11,39,OH,Ohio,277,322,15069
11,09,CT,Connecticut,261,306,18440
11,26,MI,Michigan,245,272,11893
11,53,WA,Washington,184,215,10588
11,08,CO,Colorado,180,227,18054
11,45,SC,South Carolina,151,198,8427
11,47,TN,Tennessee,147,195,7969
11,27,MN,Minnesota,144,161,8787
11,55,WI,Wisconsin,132,164,9654
11,29,MO,Missouri,127,150,7148
11,04,AZ,Arizona,116,158,6190
11,22,LA,Louisiana,115,141,5351
11,18,IN,Indiana,100,121,4802
11,41,OR,Oregon,89,98,4005
11,01,AL,Alabama,83,111,4147
11,10,DE,Delaware,80,104,5434
11,21,KY,Kentucky,77,92,3484
11,54,WV,West Virginia,73,93,4845
11,35,NM,New Mexico,65,83,3478
11,32,NV,Nevada,63,89,2389
11,33,NH,New Hampshire,63,69,3356
11,49,UT,Utah,59,82,7309
11,44,RI,Rhode Island,59,69,14343
11,28,MS,Mississippi,59,79,3404
11,23,ME,Maine,59,78,5349
11,19,IA,Iowa,58,66,2607
11,15,HI,Hawaii,49,67,2781
11,20,KS,Kansas,48,60,2842
11,40,OK,Oklahoma,47,59,2509
11,05,AR,Arkansas,47,57,2488
11,50,VT,Vermont,43,54,3400
11,31,NE,Nebraska,35,39,1523
11,30,MT,Montana,27,33,1273
11,02,AK,Alaska,27,36,2388
11,46,SD,South Dakota,19,21,873
11,16,ID,Idaho,-1,-1,-1
11,56,WY,Wyoming,-1,-1,-1
11,38,ND,North Dakota,-1,-1,-1
12,96,FL,FL Total Migration-US and Foreign,236191,425387,21266473
12,97,FL,FL Total Migration-US,229625,411266,20650919
12,98,FL,FL Total Migration-Foreign,6566,14121,615554
12,97,FL,FL Total Migration-Same State,227647,407226,10613324
12,12,FL,FL Non-migrants,7246289,14640337,493450202
12,36,NY,New York,25996,44983,2620649
12,48,TX,Texas,23089,42521,992239
12,13,GA,Georgia,15742,30190,1003635
12,34,NJ,New Jersey,12348,22202,1494652
12,42,PA,Pennsylvania,10438,18180,1017451
12,06,CA,California,10239,18149,1162002
12,37,NC,North Carolina,9428,17351,567708
12,39,OH,Ohio,9056,15742,840774
12,17,IL,Illinois,8803,15338,1466396
12,51,VA,Virginia,8567,15835,734499
12,25,MA,Massachusetts,7451,12715,750711
12,26,MI,Michigan,7449,12811,597318
12,57,FR,Foreign,6566,14121,615554
12,24,MD,Maryland,5875,10253,692993
12,09,CT,Connecticut,5800,10318,985402
12,47,TN,Tennessee,5637,10352,337489
12,01,AL,Alabama,5329,10204,303897
12,18,IN,Indiana,5117,9082,392763
12,45,SC,South Carolina,4416,8079,239369
12,08,CO,Colorado,3720,6590,487532
12,21,KY,Kentucky,3403,6182,246660
12,29,MO,Missouri,3271,5820,280468
12,55,WI,Wisconsin,3048,5349,412421
12,27,MN,Minnesota,2653,4650,322304
12,53,WA,Washington,2588,4598,163190
12,04,AZ,Arizona,2493,4431,166316
12,22,LA,Louisiana,2334,4323,246842
12,32,NV,Nevada,1949,3317,203724
12,33,NH,New Hampshire,1909,3172,256845
12,28,MS,Mississippi,1825,3633,104765
12,23,ME,Maine,1804,2993,159813
12,44,RI,Rhode Island,1598,2820,220498
12,40,OK,Oklahoma,1425,2715,124792
12,20,KS,Kansas,1327,2494,114195
12,54,WV,West Virginia,1232,2167,70207
12,05,AR,Arkansas,1202,2263,93334
12,19,IA,Iowa,1141,2071,123967
12,15,HI,Hawaii,1074,1922,52106
12,10,DE,Delaware,1016,1791,55112
12,35,NM,New Mexico,990,1768,51514
12,41,OR,Oregon,966,1619,58588
12,50,VT,Vermont,850,1380,100882
12,31,NE,Nebraska,804,1418,37316
12,49,UT,Utah,772,1575,45449
12,02,AK,Alaska,703,1243,35908
12,11,DC,District Of Columbia,671,949,90722
12,46,SD,South Dakota,485,849,44616
12,56,WY,Wyoming,426,752,18801
12,38,ND,North Dakota,423,764,24317
12,16,ID,Idaho,374,704,20431
12,30,MT,Montana,369,639,17333
13,96,GA,GA Total Migration-US and Foreign,101627,199299,4889104
13,97,GA,GA Total Migration-US,98749,192667,4717007
13,98,GA,GA Total Migration-Foreign,2878,6632,172097
13,97,GA,GA Total Migration-Same State,166329,334326,7248743
13,13,GA,GA Non-migrants,3266790,7430492,220961020
13,12,FL,Florida,15624,29784,692115
13,48,TX,Texas,10872,22498,414940
13,01,AL,Alabama,6655,13258,254092
13,37,NC,North Carolina,5808,11207,272361
13,36,NY,New York,5693,10822,288417
13,45,SC,South Carolina,5428,10368,226573
13,47,TN,Tennessee,5151,10001,232190
13,06,CA,California,4998,9491,308613
13,51,VA,Virginia,3583,6868,186031
13,57,FR,Foreign,2878,6632,172097
13,17,IL,Illinois,2816,5534,165275
13,39,OH,Ohio,2599,4826,138791
13,34,NJ,New Jersey,2267,4433,132886
13,42,PA,Pennsylvania,2229,4233,112848
13,26,MI,Michigan,2053,3873,94442
13,24,MD,Maryland,1955,3743,113808
13,22,LA,Louisiana,1598,3248,62682
13,28,MS,Mississippi,1459,2980,56907
13,18,IN,Indiana,1312,2604,58650
13,21,KY,Kentucky,1284,2645,54003
13,08,CO,Colorado,1260,2553,71556
13,29,MO,Missouri,1133,2223,55325
13,53,WA,Washington,1116,2285,58062
13,04,AZ,Arizona,1061,2139,53645
13,25,MA,Massachusetts,1057,1869,64204
13,09,CT,Connecticut,915,1724,67797
13,55,WI,Wisconsin,771,1477,42465
13,20,KS,Kansas,685,1508,36959
13,40,OK,Oklahoma,659,1349,33418
13,27,MN,Minnesota,646,1225,53718
13,05,AR,Arkansas,580,1161,26895
13,32,NV,Nevada,568,1104,22093
13,15,HI,Hawaii,567,1250,23827
13,19,IA,Iowa,385,732,17016
13,02,AK,Alaska,368,823,14978
13,35,NM,New Mexico,355,719,15351
13,11,DC,District Of Columbia,354,513,24896
13,54,WV,West Virginia,327,641,13912
13,49,UT,Utah,313,665,14908
13,41,OR,Oregon,305,557,14178
13,10,DE,Delaware,279,515,11689
13,31,NE,Nebraska,264,527,11914
13,44,RI,Rhode Island,209,381,10144
13,23,ME,Maine,207,399,9651
13,33,NH,New Hampshire,201,399,11593
13,38,ND,North Dakota,153,317,8354
13,16,ID,Idaho,144,298,5628
13,56,WY,Wyoming,138,283,41820
13,46,SD,South Dakota,126,235,6008
13,30,MT,Montana,117,208,4350
13,50,VT,Vermont,102,172,5028
15,96,HI,HI Total Migration-US and Foreign,21959,41666,1179128
15,97,HI,HI Total Migration-US,20288,37820,1086159
15,98,HI,HI Total Migration-Foreign,1671,3846,92969
15,97,HI,HI Total Migration-Same State,2761,4725,115253
15,15,HI,HI Non-migrants,542461,1107755,35364835
15,06,CA,California,4508,7779,301849
15,57,FR,Foreign,1671,3846,92969
15,48,TX,Texas,1533,3170,72764
15,53,WA,Washington,1350,2716,69385
15,12,FL,Florida,1119,1921,50010
15,36,NY,New York,741,1247,31416
15,51,VA,Virginia,720,1542,41508
15,13,GA,Georgia,686,1466,29395
15,32,NV,Nevada,649,1150,28727
15,08,CO,Colorado,618,1216,33076
15,37,NC,North Carolina,601,1250,22495
15,04,AZ,Arizona,588,1049,28465
15,41,OR,Oregon,549,922,23668
15,17,IL,Illinois,442,691,22920
15,24,MD,Maryland,376,709,23466
15,42,PA,Pennsylvania,336,589,18168
15,45,SC,South Carolina,309,588,12902
15,02,AK,Alaska,303,628,13113
15,49,UT,Utah,297,663,12908
15,39,OH,Ohio,292,506,10364
15,29,MO,Missouri,292,611,12991
15,47,TN,Tennessee,278,580,12809
15,26,MI,Michigan,276,495,13273
15,34,NJ,New Jersey,266,432,14791
15,25,MA,Massachusetts,260,401,15934
15,21,KY,Kentucky,229,547,7891
15,09,CT,Connecticut,225,360,10761
15,40,OK,Oklahoma,201,432,24304
15,27,MN,Minnesota,182,279,10897
15,20,KS,Kansas,181,429,7152
15,01,AL,Alabama,175,345,7418
15,16,ID,Idaho,172,319,9150
15,18,IN,Indiana,170,319,23301
15,55,WI,Wisconsin,167,278,7425
15,22,LA,Louisiana,147,272,6469
15,35,NM,New Mexico,144,261,7794
15,28,MS,Mississippi,96,170,3485
15,05,AR,Arkansas,96,192,3035
15,30,MT,Montana,87,170,6128
15,19,IA,Iowa,85,162,4670
15,23,ME,Maine,76,136,4681
15,31,NE,Nebraska,74,127,2946
15,33,NH,New Hampshire,65,100,3008
15,11,DC,District Of Columbia,59,94,4711
15,44,RI,Rhode Island,52,95,5072
15,54,WV,West Virginia,44,81,1406
15,56,WY,Wyoming,44,85,2638
15,38,ND,North Dakota,41,77,1703
15,10,DE,Delaware,38,71,1496
15,46,SD,South Dakota,30,66,1426
15,50,VT,Vermont,19,32,797
16,96,ID,ID Total Migration-US and Foreign,18284,36633,953883
16,97,ID,ID Total Migration-US,17848,35607,930290
16,98,ID,ID Total Migration-Foreign,436,1026,23593
16,97,ID,ID Total Migration-Same State,14508,30193,522058
16,16,ID,ID Non-migrants,546985,1283315,32767635
16,06,CA,California,3253,6743,213209
16,53,WA,Washington,2981,5594,133290
16,49,UT,Utah,1536,3481,65366
16,41,OR,Oregon,1472,2894,68881
16,48,TX,Texas,835,1777,48443
16,32,NV,Nevada,808,1659,36404
16,04,AZ,Arizona,801,1604,37278
16,30,MT,Montana,653,1262,27629
16,08,CO,Colorado,631,1207,32062
16,57,FR,Foreign,436,1026,23593
16,56,WY,Wyoming,411,856,21203
16,12,FL,Florida,367,687,15603
16,02,AK,Alaska,335,647,21140
16,38,ND,North Dakota,290,565,16258
16,37,NC,North Carolina,201,416,8216
16,17,IL,Illinois,191,363,10431
16,51,VA,Virginia,187,345,11096
16,36,NY,New York,186,316,11323
16,35,NM,New Mexico,186,397,8878
16,15,HI,Hawaii,162,311,5773
16,29,MO,Missouri,157,288,6994
16,27,MN,Minnesota,151,279,7230
16,13,GA,Georgia,148,331,8131
16,42,PA,Pennsylvania,145,257,7678
16,39,OH,Ohio,134,235,6752
16,26,MI,Michigan,132,222,4240
16,55,WI,Wisconsin,108,181,6312
16,40,OK,Oklahoma,101,202,3875
16,19,IA,Iowa,99,178,3683
16,47,TN,Tennessee,98,234,5830
16,20,KS,Kansas,97,205,5914
16,18,IN,Indiana,97,186,5219
16,46,SD,South Dakota,84,144,4356
16,24,MD,Maryland,82,165,5351
16,31,NE,Nebraska,80,170,4164
16,34,NJ,New Jersey,66,118,4948
16,22,LA,Louisiana,65,125,2854
16,25,MA,Massachusetts,65,111,3895
16,45,SC,South Carolina,62,126,3151
16,05,AR,Arkansas,61,133,5094
16,21,KY,Kentucky,60,131,3148
16,01,AL,Alabama,49,95,2383
16,28,MS,Mississippi,42,74,1336
16,09,CT,Connecticut,40,60,2365
16,33,NH,New Hampshire,38,58,1762
16,54,WV,West Virginia,34,68,2195
16,50,VT,Vermont,25,46,1299
16,23,ME,Maine,21,28,421
16,11,DC,District Of Columbia,21,33,17226
16,10,DE,Delaware,-1,-1,-1
16,44,RI,Rhode Island,-1,-1,-1
17,96,IL,IL Total Migration-US and Foreign,73426,126459,4246750
17,97,IL,IL Total Migration-US,71459,122396,4050999
17,98,IL,IL Total Migration-Foreign,1967,4063,195751
17,97,IL,IL Total Migration-Same State,105519,195035,5694945
17,17,IL,IL Non-migrants,4857323,10604004,384604563
17,18,IN,Indiana,6788,12317,295696
17,48,TX,Texas,5747,11054,363185
17,06,CA,California,5405,9125,398651
17,55,WI,Wisconsin,5106,8589,243273
17,29,MO,Missouri,4889,8414,214392
17,12,FL,Florida,4659,7583,225795
17,26,MI,Michigan,3611,5480,200400
17,19,IA,Iowa,2978,5243,118963
17,36,NY,New York,2957,4518,272996
17,39,OH,Ohio,2550,3958,168429
17,57,FR,Foreign,1967,4063,195751
17,13,GA,Georgia,1946,3584,105366
17,04,AZ,Arizona,1804,3066,103580
17,27,MN,Minnesota,1562,2656,89499
17,47,TN,Tennessee,1541,2852,62401
17,51,VA,Virginia,1514,2553,95221
17,37,NC,North Carolina,1460,2609,79538
17,08,CO,Colorado,1451,2370,85995
17,42,PA,Pennsylvania,1408,2334,98410
17,34,NJ,New Jersey,1170,2057,112998
17,21,KY,Kentucky,1098,1912,48796
17,53,WA,Washington,1023,1822,71974
17,25,MA,Massachusetts,1022,1492,78186
17,24,MD,Maryland,798,1317,51246
17,32,NV,Nevada,720,1198,34953
17,20,KS,Kansas,656,1114,34462
17,05,AR,Arkansas,607,1132,24461
17,45,SC,South Carolina,584,975,28324
17,01,AL,Alabama,561,1045,25851
17,28,MS,Mississippi,556,1107,17271
17,22,LA,Louisiana,535,961,27299
17,09,CT,Connecticut,510,813,48499
17,40,OK,Oklahoma,502,930,20310
17,31,NE,Nebraska,440,749,23102
17,41,OR,Oregon,394,610,16674
17,11,DC,District Of Columbia,385,492,30501
17,49,UT,Utah,319,609,17281
17,35,NM,New Mexico,318,591,16375
17,15,HI,Hawaii,297,496,13079
17,02,AK,Alaska,213,376,11020
17,54,WV,West Virginia,157,280,7278
17,38,ND,North Dakota,145,206,5936
17,46,SD,South Dakota,143,284,6124
17,30,MT,Montana,142,231,6146
17,44,RI,Rhode Island,135,207,9299
17,56,WY,Wyoming,125,199,5600
17,16,ID,Idaho,122,225,6591
17,33,NH,New Hampshire,111,193,11159
17,23,ME,Maine,111,172,5314
17,10,DE,Delaware,106,177,5805
17,50,VT,Vermont,78,119,7291
18,96,IN,IN Total Migration-US and Foreign,41152,78653,1938746
18,97,IN,IN Total Migration-US,40534,77295,1890677
18,98,IN,IN Total Migration-Foreign,618,1358,48069
18,97,IN,IN Total Migration-Same State,69933,129068,2891508
18,18,IN,IN Non-migrants,2413153,5296632,150655847
18,17,IL,Illinois,8183,16296,385036
18,21,KY,Kentucky,3718,6879,143020
18,39,OH,Ohio,3563,6558,171329
18,26,MI,Michigan,3051,5728,137051
18,12,FL,Florida,3004,5286,130761
18,48,TX,Texas,2487,5127,96840
18,06,CA,California,1830,3448,94148
18,47,TN,Tennessee,1158,2251,46182
18,13,GA,Georgia,965,1878,38812
18,37,NC,North Carolina,944,1865,40413
18,36,NY,New York,942,1739,45284
18,51,VA,Virginia,745,1423,36184
18,29,MO,Missouri,727,1343,32636
18,42,PA,Pennsylvania,723,1334,44671
18,04,AZ,Arizona,671,1253,63488
18,55,WI,Wisconsin,668,1299,34291
18,57,FR,Foreign,618,1358,48069
18,08,CO,Colorado,607,1082,28196
18,45,SC,South Carolina,440,865,19742
18,27,MN,Minnesota,419,828,26533
18,01,AL,Alabama,412,819,19452
18,24,MD,Maryland,395,741,23737
18,34,NJ,New Jersey,388,823,23894
18,53,WA,Washington,367,716,21166
18,19,IA,Iowa,367,704,17713
18,20,KS,Kansas,297,607,13344
18,22,LA,Louisiana,277,526,11448
18,05,AR,Arkansas,265,496,9788
18,40,OK,Oklahoma,261,488,9230
18,28,MS,Mississippi,245,484,8175
18,32,NV,Nevada,232,435,9432
18,25,MA,Massachusetts,216,357,11650
18,54,WV,West Virginia,174,329,8639
18,49,UT,Utah,168,357,7154
18,35,NM,New Mexico,166,317,8107
18,09,CT,Connecticut,159,276,16051
18,41,OR,Oregon,155,269,5860
18,15,HI,Hawaii,151,272,5691
18,31,NE,Nebraska,146,275,7016
18,16,ID,Idaho,100,187,3592
18,38,ND,North Dakota,97,160,4917
18,02,AK,Alaska,95,172,3718
18,46,SD,South Dakota,91,169,4593
18,11,DC,District Of Columbia,76,115,5001
18,56,WY,Wyoming,72,150,2615
18,33,NH,New Hampshire,66,102,3778
18,30,MT,Montana,63,134,1928
18,23,ME,Maine,59,108,2991
18,44,RI,Rhode Island,48,80,1984
18,10,DE,Delaware,48,84,2118
18,50,VT,Vermont,33,61,1279
19,96,IA,IA Total Migration-US and Foreign,20961,39240,923049
19,97,IA,IA Total Migration-US,20655,38581,898076
19,98,IA,IA Total Migration-Foreign,306,659,24973
19,97,IA,IA Total Migration-Same State,29584,51441,1266609
19,19,IA,IA Non-migrants,1153911,2506494,78977221
19,17,IL,Illinois,3799,7020,148671
19,31,NE,Nebraska,2078,3906,87290
19,27,MN,Minnesota,1489,2666,73407
19,48,TX,Texas,1265,2492,51792
19,29,MO,Missouri,1154,2186,46028
19,06,CA,California,975,1859,41183
19,55,WI,Wisconsin,913,1590,40987
19,12,FL,Florida,731,1262,41860
19,46,SD,South Dakota,637,1131,26998
19,08,CO,Colorado,619,1125,25431
19,04,AZ,Arizona,564,1026,24588
19,20,KS,Kansas,448,870,21472
19,18,IN,Indiana,365,658,14226
19,36,NY,New York,359,665,17048
19,26,MI,Michigan,352,650,13960
19,37,NC,North Carolina,346,673,14316
19,13,GA,Georgia,326,691,13502
19,57,FR,Foreign,306,659,24973
19,39,OH,Ohio,289,577,14190
19,53,WA,Washington,289,555,11804
19,51,VA,Virginia,275,498,16845
19,47,TN,Tennessee,268,509,11213
19,42,PA,Pennsylvania,266,512,13158
19,40,OK,Oklahoma,242,456,7790
19,38,ND,North Dakota,180,333,6685
19,05,AR,Arkansas,179,371,5638
19,32,NV,Nevada,152,259,6713
19,28,MS,Mississippi,148,318,5639
19,24,MD,Maryland,146,264,6819
19,34,NJ,New Jersey,141,250,8784
19,21,KY,Kentucky,141,256,6930
19,49,UT,Utah,138,323,6696
19,22,LA,Louisiana,136,287,6258
19,41,OR,Oregon,131,222,4998
19,01,AL,Alabama,130,239,5270
19,45,SC,South Carolina,124,254,7126
19,35,NM,New Mexico,105,211,4439
19,25,MA,Massachusetts,104,155,5911
19,16,ID,Idaho,94,205,3677
19,56,WY,Wyoming,93,181,4255
19,30,MT,Montana,81,163,3271
19,15,HI,Hawaii,76,148,6665
19,02,AK,Alaska,75,147,3019
19,09,CT,Connecticut,55,89,2858
19,54,WV,West Virginia,34,76,1445
19,11,DC,District Of Columbia,33,42,2558
19,33,NH,New Hampshire,30,55,1075
19,44,RI,Rhode Island,29,64,1342
19,23,ME,Maine,23,42,737
19,50,VT,Vermont,14,30,655
19,10,DE,Delaware,14,20,855
20,96,KS,KS Total Migration-US and Foreign,26943,52381,1276087
20,97,KS,KS Total Migration-US,25988,49944,1220556
20,98,KS,KS Total Migration-Foreign,955,2437,55530
20,97,KS,KS Total Migration-Same State,25291,46983,1000521
20,20,KS,KS Non-migrants,1043675,2318809,75034450
20,29,MO,Missouri,6831,12158,344619
20,48,TX,Texas,2659,5417,132411
20,40,OK,Oklahoma,1736,3677,72182
20,06,CA,California,1564,3004,64787
20,08,CO,Colorado,1190,2301,50853
20,12,FL,Florida,974,1747,36766
20,57,FR,Foreign,955,2437,55530
20,31,NE,Nebraska,777,1444,36039
20,17,IL,Illinois,735,1352,42653
20,13,GA,Georgia,606,1335,25355
20,04,AZ,Arizona,586,1105,25537
20,37,NC,North Carolina,511,1090,23118
20,19,IA,Iowa,463,837,22900
20,53,WA,Washington,453,924,23543
20,36,NY,New York,447,864,22298
20,51,VA,Virginia,438,835,22743
20,05,AR,Arkansas,422,826,17309
20,47,TN,Tennessee,365,781,16676
20,39,OH,Ohio,342,623,17666
20,26,MI,Michigan,310,566,12080
20,27,MN,Minnesota,308,581,17241
20,18,IN,Indiana,306,566,15292
20,42,PA,Pennsylvania,298,534,13256
20,21,KY,Kentucky,250,574,12820
20,01,AL,Alabama,247,511,9981
20,45,SC,South Carolina,230,464,10145
20,22,LA,Louisiana,228,508,8262
20,35,NM,New Mexico,210,452,9680
20,55,WI,Wisconsin,206,371,8119
20,15,HI,Hawaii,197,463,7988
20,32,NV,Nevada,192,346,8915
20,41,OR,Oregon,190,325,7830
20,24,MD,Maryland,187,350,10423
20,34,NJ,New Jersey,182,323,9786
20,49,UT,Utah,153,347,6871
20,02,AK,Alaska,133,335,5290
20,28,MS,Mississippi,131,269,4161
20,46,SD,South Dakota,124,212,4742
20,25,MA,Massachusetts,117,202,6542
20,56,WY,Wyoming,100,207,5365
20,16,ID,Idaho,99,194,3562
20,38,ND,North Dakota,83,179,4245
20,09,CT,Connecticut,80,137,4361
20,30,MT,Montana,68,130,4910
20,33,NH,New Hampshire,58,107,2710
20,54,WV,West Virginia,51,111,1814
20,23,ME,Maine,40,81,1397
20,11,DC,District Of Columbia,32,38,1488
20,44,RI,Rhode Island,30,57,1476
20,10,DE,Delaware,30,57,1694
20,50,VT,Vermont,19,27,651
21,96,KY,KY Total Migration-US and Foreign,31361,60365,1356766
21,97,KY,KY Total Migration-US,30713,58863,1326601
21,98,KY,KY Total Migration-Foreign,648,1502,30165
21,97,KY,KY Total Migration-Same State,45828,89677,1692864
21,21,KY,KY Non-migrants,1486245,3260782,88859668
21,39,OH,Ohio,4617,8330,194889
21,18,IN,Indiana,3809,7030,137511
21,47,TN,Tennessee,3172,6329,113604
21,12,FL,Florida,2465,4505,117159
21,48,TX,Texas,1783,3601,80545
21,17,IL,Illinois,1381,2591,63104
21,06,CA,California,1187,2209,67338
21,13,GA,Georgia,1042,2216,45090
21,37,NC,North Carolina,987,2045,43286
21,26,MI,Michigan,862,1574,40058
21,51,VA,Virginia,845,1668,42647
21,36,NY,New York,738,1450,35845
21,57,FR,Foreign,648,1502,30165
21,54,WV,West Virginia,618,1232,23886
21,29,MO,Missouri,552,1048,20447
21,01,AL,Alabama,523,1098,21678
21,42,PA,Pennsylvania,513,924,21930
21,45,SC,South Carolina,488,987,19287
21,08,CO,Colorado,387,796,21918
21,04,AZ,Arizona,348,669,14258
21,53,WA,Washington,319,691,14640
21,24,MD,Maryland,310,604,15452
21,34,NJ,New Jersey,275,511,15867
21,28,MS,Mississippi,270,568,9866
21,55,WI,Wisconsin,255,465,12095
21,22,LA,Louisiana,249,478,11376
21,05,AR,Arkansas,234,454,11097
21,40,OK,Oklahoma,211,425,8916
21,20,KS,Kansas,209,447,9471
21,27,MN,Minnesota,207,381,9827
21,25,MA,Massachusetts,205,326,11112
21,32,NV,Nevada,159,306,8864
21,15,HI,Hawaii,153,323,6343
21,19,IA,Iowa,152,305,5505
21,02,AK,Alaska,129,281,6258
21,09,CT,Connecticut,127,231,5898
21,49,UT,Utah,110,257,4356
21,41,OR,Oregon,105,193,4066
21,35,NM,New Mexico,99,201,4355
21,31,NE,Nebraska,88,158,4035
21,46,SD,South Dakota,64,115,1638
21,33,NH,New Hampshire,56,112,2374
21,23,ME,Maine,56,102,2426
21,56,WY,Wyoming,52,97,2980
